Name,Phone,Company_Url
Rycon Companies Inc,(602) 399-9277,https://www.facebook.com/RyconCompanies
Construction Network USA,(469) 705-1825,https://www.facebook.com/ConstructionNetworkUsa
A,Not Available,https://www.facebook.com/A.SConstruction12
"AFT Construction, Scottsdale, Arizona",(480) 553-7873,https://www.facebook.com/aftconstruction
"Raza Construction Company, Karachi, Pakistan",+92 311 1490900,https://www.facebook.com/muhammadraza5517
"Construction Company, Karachi, Pakistan",+92 345 3184035,https://www.facebook.com/constructioncompanypakistan
Essential Construction,Not Available,https://www.facebook.com/cnstrctr?__cft__[0]=AZWhFmyjFYw6DuTFB8eab8soD5OdGuvuiDnG2vwBQFHadMHAwApHwH4_oGBSe3SJAvUEScHgOGx6duIbDBYMupAZuCV14wb98OSjwneLlSbXoFZ4USaM0C-Dbw84Xie3j_pRJoV_9JwIqKj2-1fuDt-aEIgl1RE5TSTzMbanJjOHQ-XAHU7wxuZvqq7_lwbqYpQJqSQ0TfgxruDAIqlPO5Y7-Q2M0ewebw2eoFHDJXewXAMI7wrUEaXSlJaXZOk7op8&__tn__=-UC%2CP-R
"Zahid construction company, Hyderabad, Sindh",+92 342 3016325,https://www.facebook.com/zahidconstructioncompany
"Construction companies, Las Vegas, Nevada",+1 702-498-8506,https://www.facebook.com/profile.php?id=100063806476721
Construction  usa,+1 215-678-8087,https://www.facebook.com/khmerhead
"CONSTRUCTION COMPANY, Lagos, Nigeria",+234 800 0000 0000,https://www.facebook.com/profile.php?id=100067874663778
"JEBCO Construction Companies, Prescott, Arizona",(928) 778-7976,https://www.facebook.com/JEBCOCC
Construction Companies,+92 335 3685277,https://www.facebook.com/profile.php?id=61550487956273
"Venn Construction, Scottsdale, Arizona",(602) 325-1450,https://www.facebook.com/VennCompanies
USA construction companies,Not Available,https://www.facebook.com/profile.php?id=61550613143950
"Construction companies in bahria town rawalpindi, Islamabad, Pakistan",+92 316 5063840,https://www.facebook.com/profile.php?id=100069694371167
Dream Home Construction & Builders,+92 335 1314677,https://www.facebook.com/Dreamhomeconstructionbuilders
Construction Companies Dubai UAE,Not Available,https://www.facebook.com/constructioncompaniesdubaiuae
"Ansari Builders And Construction, Karachi, Pakistan",+92 306 2305945,https://www.facebook.com/ansaribuildersandconstructions
"Heritage Homes Construction Limited, Lusaka, Zambia",+260 770881651,https://www.facebook.com/HeritageHomesConstruction
"Construction companies in Pakistan, Islamabad",+92 331 5389695,https://www.facebook.com/ConstructioncompaniesinPakistan
"Temo Construction Services, Gaborone, Botswana",+267 74 712 201,https://www.facebook.com/temoconstruction
"Shaukat Design and Construction Company, Lahore, Pakistan",+92 323 7888867,https://www.facebook.com/shaukatdcc.pk
"Construction companies in dubai, Ras al Khaima",+234 803 276 4786,https://www.facebook.com/profile.php?id=100057684968722
Construction Companies ,Not Available,https://www.facebook.com/profile.php?id=61551821409969
Construction Companies,Not Available,https://www.facebook.com/constructioncompanies.in
Julius Berger construction company,Not Available,https://www.facebook.com/juliusberger00
"Sascon Construction, Harare, Zimbabwe",+263 77 236 0616,https://www.facebook.com/profile.php?id=100093350416400
"J&J Construction Company, Gaborone, Botswana",+267 75 252 659,https://www.facebook.com/profile.php?id=100047550585070
"Ravi construction company, Lahore, Pakistan",Not Available,https://www.facebook.com/ravicons080
"Concorde Construction, Lusaka, Zambia",+260 211 273 509,https://www.facebook.com/Concorde.Construction
"Construction Point, Islamabad, Pakistan",+92 333 8890670,https://www.facebook.com/ConstructionPoint.pk
"Wrenol Construction Zambia, Lusaka, Zambia",+260 965957145,https://www.facebook.com/Wrenolconstruction
"Timange Zambia Construction Company, Lusaka, Zambia",+260 976876200,https://www.facebook.com/profile.php?id=100070047224781
"Poseidon Construction Company Limited, Lusaka, Zambia",+260 211 289 150,https://www.facebook.com/PCCL.Since1973
"BUBO Construction Company, Lusaka, Zambia",+260 975177468,https://www.facebook.com/profile.php?id=100067322995961
Prefabricated construction companies in the center,+52 449 211 2949,https://www.facebook.com/profile.php?id=100067671052987
"BuildView Construction, Lusaka, Zambia",+260 973778264,https://www.facebook.com/tilbuildings
"C&R Home Designs & Construction, Harare, Zimbabwe",+44 7457 170487,https://www.facebook.com/crhomedesigns
Target Engineering Construction Company,+971 2 205 2222,https://www.facebook.com/profile.php?id=100064178945647
"Temi Construction, Johannesburg",+27 11 682 3862,https://www.facebook.com/temiconstruction
Viscon Construction Company Ltd,+254 722 286532,https://www.facebook.com/visconconstructioncompay
"China State Construction, Beijing, China",+86 10 8649 8114,https://www.facebook.com/CSCECNews
"Cubic Construction Company - ptyltd, Gaborone, Botswana",Not Available,https://www.facebook.com/profile.php?id=100063820462558
"Mjengo Construction Company Ltd, Nairobi, Kenya",Not Available,https://www.facebook.com/profile.php?id=100046173146004
"Construction Services Lahore, Lahore, Pakistan",+92 300 1220900,https://www.facebook.com/ConstructioninLahore
Laperch Construction Zimbabwe,+263 77 974 5761,https://www.facebook.com/laperchconstructionzimbabwe
"Channel Construction, Harare, Zimbabwe",+263 77 260 6118,https://www.facebook.com/channelconstructions
"SA Construction Group, Cape Town, Western Cape",+27 21 905 7338,https://www.facebook.com/saconstructiongroup
"SJ Makgwatha Construction & Consulting - Pty Ltd, Polokwane",+27 72 347 7776,https://www.facebook.com/sjmakgwathaconstruction
"Simu Construction ZM, Lusaka, Zambia",Not Available,https://www.facebook.com/SimuConstructionZM
"Brietec Construction company, Lagos, Nigeria",+234 701 692 0370,https://www.facebook.com/brietec.construct
"AB Construction Company, Ijaiye, Lagos, Nigeria",+234 803 837 9590,https://www.facebook.com/ABC.Civilengineeringcom
"Chipope Mcrich Group of Companies, Lusaka, Zambia",+260 975474055,https://www.facebook.com/ChipopeMcrichInvestments
"Masters Construction Company, Blantyre, Malawi",+265 993 37 60 70,https://www.facebook.com/mastericonstruction
"ROYAL Construction Company, Nairobi, Kenya",+254 703 716489,https://www.facebook.com/royalconstruction.co.ke
Saudi Arabia Construction,Not Available,https://www.facebook.com/profile.php?id=100054404745251
"SA Construction Services, ‎لاہور، پاکستان‎",+92 335 1071217,https://www.facebook.com/SAconstructservices
"UK Construction, Abbottabad",+92 307 8089500,https://www.facebook.com/ukcnt
Construction in Nigeria,Not Available,https://www.facebook.com/profile.php?id=100057463330272
"USA Group Construction, Woburn, Massachusetts",(857) 991-2839,https://www.facebook.com/usagroupconstruction
Building designs and construction - Zambia,+260 977322675,https://www.facebook.com/profile.php?id=100066588519341
Construction company,+234 902 342 8798,https://www.facebook.com/profile.php?id=100063841729041
"Shah Construction Company, Karachi, Pakistan",+92 314 2108665,https://www.facebook.com/shah.construction.company
Construction Companies ,Not Available,https://www.facebook.com/profile.php?id=61552087526078
"Construction company, Port Harcourt",+234 813 164 9941,https://www.facebook.com/profile.php?id=100063973238188
"International Construction Company, Islamabad",+92 300 5928231,https://www.facebook.com/profile.php?id=100069924931806
"Engineers Construction Company, Karachi, Pakistan",+92 21 34550784,https://www.facebook.com/profile.php?id=100078140483564
"Building And Construction Zimbabwe, Harare, Zimbabwe",+263 77 425 8886,https://www.facebook.com/profile.php?id=100063815510573
"Osama Construction contractor, Karachi, Pakistan",+92 334 2969517,https://www.facebook.com/OsamaEnterprises786
Islamabad Construction Company -PVT LTD,+92 331 5744593,https://www.facebook.com/Islamabadconstructions
Canada Construction,Not Available,https://www.facebook.com/profile.php?id=100063661251493
Thin Blue Line USA,Not Available,https://www.facebook.com/ThinBlueLineUSA
"Construction companies in blue area islamabad, Islamabad, Pakistan",+92 316 5063840,https://www.facebook.com/Constructioncompaniesinblueareaislamabad
"GB Civil Construction Company, Karachi, Pakistan",+92 304 1230413,https://www.facebook.com/profile.php?id=100054498488828
Construction Jobs In Canada,+84 92 558 08 76,https://www.facebook.com/profile.php?id=100085296069245
Construction Companies in Montenegro,Not Available,https://www.facebook.com/profile.php?id=100068875054069
"SRA Constructions, Karachi, Pakistan",+92 343 2355168,https://www.facebook.com/sra.constructions
"Architectural, Construction  Company in Pakistan",+92 322 8000190,https://www.facebook.com/ArchitecturalConstructionCompany
Construction Companies ,Not Available,https://www.facebook.com/profile.php?id=61552208630334
Chevron Oil And gas construction companies,+234 916 094 2110,https://www.facebook.com/profile.php?id=100094621454400
"Neer Construction Limited, Lusaka, Zambia",+260 971084686,https://www.facebook.com/neerconstruction01
"Izhar Construction Company, Karachi, Pakistan",Not Available,https://www.facebook.com/moujmastti
Construction Companies,+263 77 142 2913,https://www.facebook.com/profile.php?id=100063685525463
Construction companies,Not Available,https://www.facebook.com/profile.php?id=100070105189591
"Khalid Builders & Constructions & Domestic Estate & Builders, Karachi, Pakistan",+92 21 34303146,https://www.facebook.com/Khalidbuilderskarachi
"Construction Associates, Manzini, Swaziland",+268 2505 5624,https://www.facebook.com/ConstructionAssociatesSD
"Construction Companies In Pakistan, Lahr, Punjab, Pakistan",Not Available,https://www.facebook.com/profile.php?id=100064014964469
Sinopec in Saudi Arabia,Not Available,https://www.facebook.com/SinopecSaudiArabia
"Construction, Karachi, Pakistan",+32 12 77 67 96,https://www.facebook.com/profile.php?id=100064043054082
"Al Shaikh Construction & Engineering Company, Karachi, Pakistan",Not Available,https://www.facebook.com/alshaikhconstruction
"MAK Construction - Builders & Developers, Karachi, Pakistan",+92 317 2145006,https://www.facebook.com/profile.php?id=100064275296504
"S&B Construction Company & Builders, Karachi, Pakistan",+92 321 8260648,https://www.facebook.com/profile.php?id=100076207595432
M,+92 300 3458810,https://www.facebook.com/ms.builders.and.constructions
"Suscon Construction Solutions Limited, Lusaka, Zambia",+260 968668778,https://www.facebook.com/susconsolutions
"New Steel Construction Company Karachi, Karachi, Pakistan",+92 300 4810422,https://www.facebook.com/profile.php?id=100057491797335
"Abaseen construction company pvt,ltd, Karachi, Pakistan",Not Available,https://www.facebook.com/profile.php?id=100064027271273
USA Construction,(973) 652-0787,https://www.facebook.com/profile.php?id=100063885465467
"A&M Construction company, Hyderabad, Sindh, Pakistan",+92 321 2553929,https://www.facebook.com/profile.php?id=100054262160378
"Construction companies in qatar, Doha, Qatar",+974 5585 4900,https://www.facebook.com/profile.php?id=100063922478631
"Habib Construction Services Limited, Lahore, Pakistan",+92 42 35291006,https://www.facebook.com/hcs.ltd
